time,num,source,diam,cand_lat,cand_lon,selection,lat_sat,lon_sat,timestep,lat_pmsl,lon_pmsl,pmsl,lat_rvo,lon_rvo,rvo,circ,dist_mdl_sat,dist_pmsl_rvo,filt_num_pmsl,filt_num_rvo,comment_candidate,sat_neigh_time,rojo_stage,rojo_morph,rojo_comment,rojo_pressure,rojo_max10wind,rojo_gusts,stars_Q,golub_wind,golub_stage,golub_sat_text
2000-03-08 18:00:00,4,Rojo,340.0,66.45118,12.699753,2.0,69.2908163265306,13.7091836734694,01:00,66.45118,12.699753,995.7179,66.538414,11.25799,4.775441062488787,-0.23,318.5608430775297,64.66966867985998,0.0,1.0,,2000-03-08 15:41:00/2000-03-08 18:57:00,M,U/C,-,992.0,35.0,,,,,
2000-03-08 18:00:00,4,Rojo,340.0,68.90303,15.799532,3.0,69.2908163265306,13.7091836734694,01:00,,,,68.90303,15.799532,8.27820622781197,,93.46431084769382,0.0,,,Wrong PMSL min. Center by FullRVO,,,,,,,,,,,
2000-03-08 21:00:00,4,Rojo,317.137546468401,68.09215,16.433176,3.0,68.314126394052,13.314126394052,02:00,,,,68.09215,16.433176,7.809467487023634,,131.1102886801868,0.0,,,Wrong PMSL min. Center by FullRVO,,,,,,,,,,,
2000-03-09 00:00:00,4,Rojo,283.68029739777,67.43506,15.940252,3.0,67.3104089219331,12.3104089219331,03:00,,,,67.43506,15.940252,7.351088852839457,,155.88161641224042,0.0,,,No candidates. Center by FullRVO,,,,,,,,,,,
2000-03-09 03:00:00,4,Rojo,250.223048327138,64.74328,11.475533,2.0,66.3066914498141,11.3066914498141,04:00,64.74328,11.475533,998.6844,64.9444351196289,11.16118049621582,1.2891196171619328,-0.0,174.01741861222843,26.852924180751952,1.0,2.0,,2000-03-08 18:57:00/2000-03-09 03:55:00,M/D,C,-,992.0,35.0,,,,,
2000-03-09 03:00:00,4,Rojo,250.223048327138,66.92626,15.396944,3.0,66.3066914498141,11.3066914498141,04:00,,,,66.92626,15.396944,5.789539970767895,,193.1650443096501,0.0,,,Wrong PMSL min. Center by FullRVO,,,,,,,,,,,
2001-04-09 06:00:00,12,Rojo,381.584158415842,74.50023,-3.8699355,1.0,73.5,-9.0,01:00,74.50023,-3.8699355,1013.8793,74.32127,-4.4603915,6.806834083359693,0.32,192.49270212321719,26.595058175151593,2.0,2.0,Comma head,2001-04-09 05:21:00/2001-04-09 07:02:00,M,C,Baroclinic,1000.0,58.0,,,,,
2001-04-09 06:00:00,12,Rojo,381.584158415842,74.92494,4.033053,2.0,73.5,-9.0,01:00,74.92494,4.033053,1012.7764,75.12285614013672,4.351916313171387,7.202510188791182,0.25,423.84054341554975,23.838358176943544,2.0,2.0,#2 Lowest PMSL. Will merge with comma PL head,2001-04-09 05:21:00/2001-04-09 07:02:00,M,C,Baroclinic,1000.0,58.0,,,,,
2001-04-09 09:00:00,12,Rojo,407.180527383367,74.20805,-2.9230618,1.0,73.4281947261663,-9.0,02:00,74.20805,-2.9230618,1013.37994,74.2806,-2.4315448,5.678490814044518,0.78,207.2003258736897,16.891433156063687,2.0,2.0,Comma head,2001-04-09 07:02:00/2001-04-09 15:15:00,M,C,Baroclinic,1000.0,58.0,,,,,
2001-04-09 09:00:00,12,Rojo,407.180527383367,75.02281,1.9433132,2.0,73.4281947261663,-9.0,02:00,75.02281,1.9433132,1011.73615,74.95965576171875,1.409152269363403,12.693935084731812,0.39,374.5525645854009,16.908756865521347,2.0,2.0,#2 Lowest PMSL. Will merge with comma PL head,2001-04-09 07:02:00/2001-04-09 15:15:00,M,C,Baroclinic,1000.0,58.0,,,,,
2001-04-09 12:00:00,12,Rojo,418.133874239351,74.72844,-1.0734737,1.0,73.3186612576065,-9.0,03:00,74.72844,-1.0734737,1009.97046,74.6587,-1.5848622,10.907262793615024,0.66,288.4933719347972,16.895672131997035,2.0,2.0,Comma head merged with lowest PMSL,2001-04-09 07:02:00/2001-04-09 15:15:00,M,C,Baroclinic,1000.0,58.0,,,,,
2001-04-09 12:00:00,12,Rojo,418.133874239351,74.11614,-1.7846357,2.0,73.3186612576065,-9.0,03:00,74.11614,-1.7846357,1012.04346,74.17808,-2.5421596,4.747269430627065,0.68,241.60750779307693,24.01826621720761,1.0,0.0,Old comma head,2001-04-09 07:02:00/2001-04-09 15:15:00,M,C,Baroclinic,1000.0,58.0,,,,,
2001-04-09 15:00:00,12,Rojo,429.087221095335,74.10532,-3.0301645,1.0,73.2091277890467,-9.0,04:00,74.10532,-3.0301645,1008.7282,74.369,-3.5852485,11.228918151070197,0.96,211.5780843639874,33.775430271310945,2.0,2.0,,2001-04-09 07:02:00/2001-04-09 15:15:00,M,C,Baroclinic,1000.0,58.0,,,,,
2001-04-09 18:00:00,12,Rojo,380.477489768076,73.48807,-3.6476088,1.0,72.9592356687898,-8.86411889596603,05:00,73.48807,-3.6476088,1007.4313,73.4675,-4.8449974,9.260616138768592,1.32,177.38116334440923,37.93273764974664,2.0,2.0,,2001-04-09 16:56:00/2001-04-10 00:47:00,M,C,Baroclinic,1000.0,58.0,,,,,
2001-04-09 21:00:00,12,Rojo,409.945429740791,72.81265,-3.518775,1.0,72.8445859872612,-8.48195329087049,06:00,72.81265,-3.518775,1007.05646,73.23256,-6.206577,7.54908213187358,1.61,162.9244530221655,98.96218225099322,2.0,1.0,,2001-04-09 16:56:00/2001-04-10 00:47:00,M,C,Baroclinic,1000.0,58.0,,,,,
2001-04-10 00:00:00,12,Rojo,439.413369713506,72.22256,-0.7338946,1.0,72.7299363057325,-8.09978768577495,07:00,72.22256,-0.7338946,1006.77203,71.67795,0.14288248,6.000772311093645,1.68,252.8132221976603,67.67234708508745,2.0,2.0,,2001-04-09 16:56:00/2001-04-10 00:47:00,M,C,Baroclinic,1000.0,58.0,,,,,
2001-04-10 03:00:00,12,Rojo,468.881309686221,71.90855,1.1396651,1.0,72.0908396946565,-3.93893129770992,08:00,71.90855,1.1396651,1006.4467,72.12081,-0.8432919,8.738610380476574,1.6,175.6291469099553,72.05405047365376,2.0,1.0,,2001-04-10 00:47:00/2001-04-10 05:09:00,M,C/T,Baroclinic,1000.0,58.0,,,,,
2001-04-10 03:00:00,12,Rojo,468.881309686221,72.69045,10.092664,2.0,72.0908396946565,-3.93893129770992,08:00,72.69045,10.092664,1005.3378,72.6904525756836,10.092663764953612,9.870496762778982,0.64,475.5730405809481,0.0002865089032070418,0.0,2.0,#3 Lowest PMSL. Will merge with PL,2001-04-10 00:47:00/2001-04-10 05:09:00,M,C/T,Baroclinic,1000.0,58.0,,,,,
2001-04-10 06:00:00,12,Rojo,471.666666666667,71.33721,3.0133214,1.0,70.9166666666667,1.16666666666667,09:00,71.33721,3.0133214,1007.3525,71.23732,0.021929573,8.5203644001643,1.52,81.22600780000319,107.28021210251076,2.0,1.0,,2001-04-10 05:50:00/2001-04-10 06:50:00,M,T,Baroclinic,1000.0,58.0,,,,,
2001-04-10 06:00:00,12,Rojo,471.666666666667,72.25164,10.522898,2.0,70.9166666666667,1.16666666666667,09:00,72.25164,10.522898,1004.152,72.11404,9.8764105,15.226298210160364,0.77,360.14196318687806,26.793774395079655,1.0,2.0,#3 Lowest PMSL. Will merge with PL ,2001-04-10 05:50:00/2001-04-10 06:50:00,M,T,Baroclinic,1000.0,58.0,,,,,
2001-04-10 09:00:00,12,Rojo,435.627705627706,71.71769,10.764297,1.0,70.0038167938931,4.48091603053435,10:00,71.71769,10.764297,1003.64404,71.58094,10.133816,13.187304565731822,0.93,297.7328179251048,26.802451100546975,2.0,2.0,PL merged with #3 low,2001-04-10 06:50:00/2001-04-10 09:01:00,M,T/S,Baroclinic,1000.0,58.0,,,,,
2001-04-10 09:00:00,12,Rojo,435.627705627706,70.56206,5.2419076,2.0,70.0038167938931,4.48091603053435,10:00,70.56206,5.2419076,1008.5337,70.7582,3.0133367,5.131210008776218,1.24,68.32278176500766,84.90941845435329,1.0,1.0,Old comma head,2001-04-10 06:50:00/2001-04-10 09:01:00,M,T/S,Baroclinic,1000.0,58.0,,,,,
2001-04-10 12:00:00,12,Rojo,440.0,71.06083,12.314456,1.0,69.8,9.69444444444444,11:00,71.06083,12.314456,1002.83826,71.15357971191406,12.48436450958252,9.01153257344824,1.07,170.7829474257845,11.991172866248158,2.0,2.0,PL merged with #3 low ,2001-04-10 10:41:00/2001-04-10 12:11:00,M,S,Baroclinic,1000.0,58.0,,,,,
2001-10-27 12:00:00,13,Rojo,485.9,74.10075,-13.088908,1.0,75.5,-11.205,01:00,74.10075,-13.088908,1005.2809,73.6908,-13.636816,6.54004683629743,0.9,164.97919934536807,48.61573717211956,2.0,2.0,,2001-10-27 11:07:00/2001-10-27 12:47:00,M,C,-,,,,,,,
2001-10-27 15:00:00,13,Rojo,572.627118644068,73.97056,-12.353262,1.0,75.0,-9.86864406779661,02:00,73.97056,-12.353262,1004.7885,73.89014,-13.172462,6.272181678558996,0.93,136.22653442625176,26.752990772703093,2.0,2.0,,2001-10-27 14:29:00/2001-10-27 16:27:00,M,C,-,,,,,,,
2001-10-27 18:00:00,13,Rojo,601.170731707317,74.258224,-11.420855,1.0,75.09046692607,-8.32392996108949,03:00,74.258224,-11.420855,1003.75104,74.206055,-13.046531,5.366826342135852,0.77,129.76946390685137,49.46151438873838,2.0,2.0,,2001-10-27 16:27:00/2001-10-28 01:01:00,M,C,-,,,,,,,
2001-10-27 21:00:00,13,Rojo,642.146341463415,74.12242,-10.691566,1.0,75.2655642023346,-6.04766536964981,04:00,74.12242,-10.691566,1002.35657,74.28622,-12.210994,5.659807109998231,0.94,186.288270236501,49.46389669801795,2.0,2.0,,2001-10-27 16:27:00/2001-10-28 01:01:00,M,C,-,,,,,,,
2001-10-28 00:00:00,13,Rojo,683.121951219512,74.07113,-9.524032,1.0,75.4406614785992,-3.77140077821012,05:00,74.07113,-9.524032,1001.34174,74.348206,-10.970778,5.304924944377174,0.68,226.7161377192732,53.52863529219358,2.0,2.0,,2001-10-27 16:27:00/2001-10-28 01:01:00,M,C,-,,,,,,,
2001-11-04 06:00:00,15,Rojo,294.638069705094,69.45649,1.5219642,3.0,70.5587131367292,1.93297587131367,01:00,,,,69.45649,1.5219642,2.403054772393649,,123.55310410230135,0.0,,,No candidates. Center by FullRVO,,,,,,,,,,,
2001-11-04 09:00:00,15,Rojo,275.335120643432,68.580605,2.8340895,3.0,69.6900804289544,1.6916890080429,02:00,,,,68.580605,2.8340895,2.772926606189664,,131.39710347911839,0.0,,,No candidates. Center by FullRVO,,,,,,,,,,,
2001-11-04 12:00:00,15,Rojo,271.1,67.440216,1.9391558,3.0,68.815,1.5,03:00,,,,67.440216,1.9391558,3.1715245953974254,,153.94684512440713,0.0,,,No candidates. Center by FullRVO. Last point,,,,,,,,,,,
2001-11-04 15:00:00,15,Rojo,323.11320754717,,,4.0,67.9481132075472,1.22405660377358,,,,,,,,,,,,,"No low, no RVO max",,,,,,,,,,,
2001-11-04 18:00:00,15,Rojo,364.655172413793,,,4.0,67.2883141762452,1.16283524904215,,,,,,,,,,,,,"No low, no RVO max",,,,,,,,,,,
2001-11-04 21:00:00,15,Rojo,395.689655172414,,,4.0,66.8400383141762,1.50766283524904,,,,,,,,,,,,,"No low, no RVO max",,,,,,,,,,,
2001-11-05 00:00:00,15,Rojo,426.724137931035,,,4.0,66.3917624521073,1.85249042145594,,,,,,,,,,,,,"No low, no RVO max",,,,,,,,,,,
2001-11-12 03:00:00,17,Rojo,375.742574257426,70.43039,15.368628,3.0,69.2851485148515,5.52475247524753,01:00,,,,70.43039,15.368628,3.3286436969314286,,397.3295608970872,0.0,,,No candidates. Center by FullRVO,,,,,,,,,,,
2001-11-12 06:00:00,17,Rojo,400.986666666667,68.27415,15.711908,1.0,67.7533333333333,6.0,02:00,68.27415,15.711908,994.7357,67.85472869873047,15.311660766601562,0.4842467138353813,-0.11,407.99153597574315,49.51213445521487,0.0,0.0,RVO max by FullRVO,2001-11-12 05:23:00/2001-11-12 11:38:00,M,U/U - C,-,990.0,45.0,,,,,
2001-11-12 09:00:00,17,Rojo,405.786666666667,68.27415,15.711908,1.0,66.5533333333333,6.0,03:00,68.27415,15.711908,995.6387,68.09019,14.345926,4.217863582154632,-0.11,456.13367521449044,60.041407923560556,0.0,0.0,,2001-11-12 05:23:00/2001-11-12 11:38:00,M,U/U - C,-,990.0,45.0,,,,,
2002-01-22 18:00:00,23,Rojo,281.609822646658,72.48416,23.718407,1.0,71.5402455661664,16.0,01:00,72.48416,23.718407,992.66797,72.636566,23.685457,7.251112609422642,0.69,284.8148954883383,16.982334637074107,2.0,2.0,,2002-01-22 12:23:00/2002-01-23 00:36:00,M,S,Dual,,,,,,,
2002-01-22 21:00:00,23,Rojo,271.787175989086,72.29692,22.246977,1.0,71.2946793997272,16.0,02:00,72.29692,22.246977,990.47156,72.37960052490234,22.47587203979492,7.693260060032321,0.7,243.7931331523961,12.006386159905432,2.0,2.0,,2002-01-22 12:23:00/2002-01-23 00:36:00,M,S,Dual,,,,,,,
2002-01-23 00:00:00,23,Rojo,261.964529331514,72.25079,20.749887,1.0,71.0491132332879,16.0,03:00,72.25079,20.749887,988.6439,72.29926,19.972876,7.42956264264458,0.72,213.21293689584866,26.850548401446115,2.0,2.0,,2002-01-22 12:23:00/2002-01-23 00:36:00,M,S,Dual,,,,,,,
2002-01-23 03:00:00,23,Rojo,255.841584158416,71.99824,18.350504,1.0,70.9168316831683,16.2079207920792,04:00,71.99824,18.350504,985.5566,72.29996,18.197134,9.56329971829324,0.83,142.10635510810724,33.954605331083656,2.0,2.0,,2002-01-23 02:18:00/2002-01-23 03:59:00,M,S,Dual,,,,,,,
2002-01-23 12:00:00,25,Rojo,250.0,69.80248,12.337946,1.0,69.652,9.935,01:00,69.80248,12.337946,979.0556,69.85736846923828,12.068194389343262,12.014028455961256,0.83,94.07405616438243,12.009090768274357,2.0,2.0,,2002-01-23 10:33:00/2002-01-23 12:13:00,M,MGR,Multiple,,,,,,,
2002-01-23 15:00:00,25,Rojo,250.0,68.98726,12.039859,1.0,69.0651245551601,10.0,02:00,68.98726,12.039859,977.63025,69.09585,11.517838,11.32520326594562,0.77,81.64553412876742,24.01826456731076,2.0,2.0,,2002-01-23 12:13:00/2002-01-23 16:54:00,M,MGR/-,Multiple,,,,,,,
2002-01-23 18:00:00,25,Rojo,250.0,68.1549,12.409429,1.0,68.4213333333333,10.1466666666667,03:00,68.1549,12.409429,976.74927,68.11697,12.012234,12.861339004402293,0.8,97.67425557602469,16.9798367740456,2.0,2.0,,2002-01-23 16:54:00/2002-01-24 00:24:00,M,-/MGR,Multiple,,,,,,,
2002-01-23 21:00:00,25,Rojo,250.0,67.48468,13.672369,1.0,67.6613333333333,10.5466666666667,04:00,67.48468,13.672369,977.1344,67.48468017578125,13.672369003295898,11.766521214224504,0.88,134.02943291437887,1.9546515170905154e-05,2.0,2.0,,2002-01-23 16:54:00/2002-01-24 00:24:00,M,-/MGR,Multiple,,,,,,,
2002-01-24 00:00:00,25,Rojo,250.0,67.345505,15.783229,1.0,66.9013333333333,10.9466666666667,05:00,67.345505,15.783229,981.86487,67.374405,16.172836,10.508576058438,0.8,214.76335196739342,16.983307973004774,2.0,2.0,,2002-01-23 16:54:00/2002-01-24 00:24:00,M,-/MGR,Multiple,,,,,,,
2002-01-23 03:00:00,27,Rojo,230.0,65.02507,9.225405,1.0,66.6505190311419,6.74740484429066,01:00,65.02507,9.225405,984.4274,64.92963409423828,9.105975151062012,0.2237965945471103,0.07,213.00910576271173,12.006943053334068,0.0,0.0,Not showed in RVO. Model domain edge,2002-01-23 00:36:00/2002-01-23 05:25:00,F,-/U,Multiple,,,,,,,
2002-01-23 06:00:00,27,Rojo,232.272727272727,65.17103,9.118704,1.0,66.4431818181818,7.5,02:00,65.17103,9.118704,984.7353,65.46269226074219,8.901677131652832,1.0854623933673095,0.15,159.52161801216008,33.961035245431496,1.0,0.0,Not showed in RVO. Model domain edge,2002-01-23 05:25:00/2002-01-23 10:33:00,F/M,U/MGR,Multiple,,,,,,,
2002-01-23 09:00:00,27,Rojo,243.961038961039,65.07551,8.999016,1.0,66.150974025974,7.5,03:00,65.07551,8.999016,985.9983,65.36177062988281,9.360654830932615,1.498425039759333,0.23,137.96748819003122,36.01791849267143,0.0,2.0,Not showed in RVO. Model domain edge,2002-01-23 05:25:00/2002-01-23 10:33:00,F/M,U/MGR,Multiple,,,,,,,
2002-01-23 12:00:00,27,Rojo,258.7,64.87903,9.330926,1.0,65.565,8.37,04:00,64.87903,9.330926,987.2275,65.4570083618164,9.482935905456545,1.87811269328201,0.4,88.44810219986816,64.65912767528683,0.0,0.0,Not showed in RVO. Model domain edge,2002-01-23 10:33:00/2002-01-23 12:13:00,M,MGR,Multiple,,,,,,,
2002-01-24 06:00:00,29,Rojo,319.525547445255,70.135124,9.988567,1.0,73.5299270072993,7.17335766423358,01:00,70.135124,9.988567,989.9468,70.56542205810547,10.320791244506836,4.485094245941484,0.26,389.79423034485495,49.43313448435337,1.0,2.0,,2002-01-24 02:07:00/2002-01-24 06:41:00,M,C,Multiple,,,,,,,
2002-01-24 06:00:00,29,Rojo,319.525547445255,72.13258,11.925755,2.0,73.5299270072993,7.17335766423358,01:00,72.13258,11.925755,989.8312,72.38718,11.1790085,9.305136132332812,0.77,220.05286670264442,37.967789000758316,1.0,2.0,,2002-01-24 02:07:00/2002-01-24 06:41:00,M,C,Multiple,,,,,,,
2002-01-24 09:00:00,29,Rojo,338.660436137072,69.13199,8.810623,1.0,72.8504672897196,4.1183800623053,02:00,69.13199,8.810623,990.10126,68.98949,8.266163,6.137278139617339,0.19,446.72393390717366,26.81766328688775,0.0,2.0,,2002-01-24 06:41:00/2002-01-24 12:02:00,M,C,Multiple,,,,,,,
2002-01-24 09:00:00,29,Rojo,338.660436137072,71.99949,11.272997,2.0,72.8504672897196,4.1183800623053,02:00,71.99949,11.272997,989.2965,72.34592,10.694241,9.612223893502598,0.81,257.991557001925,43.266938576353,2.0,2.0,,2002-01-24 06:41:00/2002-01-24 12:02:00,M,C,Multiple,,,,,,,
2002-01-24 12:00:00,29,Rojo,349.8753894081,72.492424,10.553816,2.0,72.0093457943925,1.03426791277259,03:00,72.492424,10.553816,988.98474,72.39803314208984,10.381888389587402,9.72993324035637,1.29,326.77118767032755,11.975403162132519,2.0,1.0,,2002-01-24 06:41:00/2002-01-24 12:02:00,M,C,Multiple,,,,,,,
2002-01-24 12:00:00,29,Rojo,349.8753894081,68.82339,5.055034,3.0,72.0093457943925,1.03426791277259,03:00,,,,68.82339,5.055034,2.3249132260380208,,384.4578941538175,0.0,,,Wrong PMSL min. Center by FullRVO,,,,,,,,,,,
2002-01-24 15:00:00,29,Rojo,403.134328358209,67.63802,7.10111,1.0,70.6716417910448,0.136567164179104,04:00,67.63802,7.10111,986.8106,67.73165893554688,6.588474750518799,16.498203411835764,0.68,435.04249654310485,24.01807536074822,1.0,2.0,,2002-01-24 12:02:00/2002-01-24 16:30:00,M,C,Multiple/Two_PLs_after_MGR,,,,,,,
2002-01-24 15:00:00,29,Rojo,403.134328358209,72.74159,9.772488,2.0,70.6716417910448,0.136567164179104,04:00,72.74159,9.772488,987.9112,72.79221,9.450477,7.650268058467406,1.58,406.8115270331489,12.008708992772942,2.0,2.0,,2002-01-24 12:02:00/2002-01-24 16:30:00,M,C,Multiple/Two_PLs_after_MGR,,,,,,,
2002-01-24 18:00:00,29,Rojo,415.689045936396,67.928566,7.4774437,1.0,69.5229681978799,0.0657243816254417,05:00,67.928566,7.4774437,985.00616,68.02332,6.9598145,14.382171798930548,0.73,347.3048828043571,24.018180129233475,2.0,2.0,,2002-01-24 16:30:00/2002-01-25 01:56:00,M,C/S,Two_PLs_after_MGR,,,,,,,
2002-01-24 21:00:00,29,Rojo,387.067137809187,68.266426,7.6022606,1.0,68.5689045936396,0.797173144876325,06:00,68.266426,7.6022606,984.33716,68.31417,7.340369,19.51461194007216,0.74,280.21793290051335,12.009164857825102,2.0,2.0,,2002-01-24 16:30:00/2002-01-25 01:56:00,M,C/S,Two_PLs_after_MGR,,,,,,,
2002-01-25 00:00:00,29,Rojo,358.445229681979,68.45947,7.862972,1.0,67.6148409893993,1.52862190812721,07:00,68.45947,7.862972,983.8109,68.36299896240234,7.732076644897461,18.876870207092505,0.81,279.5190478224425,11.989604756753966,2.0,2.0,,2002-01-24 16:30:00/2002-01-25 01:56:00,M,C/S,Two_PLs_after_MGR,,,,,,,
2002-01-25 03:00:00,29,Rojo,359.009900990099,68.70065,7.862717,1.0,66.6831683168317,2.31683168316832,08:00,68.70065,7.862717,982.62,68.60417938232422,7.730488777160644,17.835852317978105,0.77,324.001418330198,11.988194076090645,2.0,2.0,,2002-01-25 01:56:00/2002-01-25 03:37:00,M,S,Two_PLs_after_MGR,,,,,,,
2002-01-24 03:00:00,30,Rojo,253.868613138686,70.46062,10.886971,1.0,69.4580291970803,11.5967153284672,01:00,70.46062,10.886971,989.40607,70.46061706542969,10.886971473693848,5.283863138235904,0.18,114.71475764591091,0.00032678497914327015,0.0,2.0,,2002-01-24 02:07:00/2002-01-24 06:41:00,F/M,U,Two_PLs_after_MGR,,,,,,,
2002-01-24 03:00:00,30,Rojo,253.868613138686,69.79964,16.416311,2.0,69.4580291970803,11.5967153284672,01:00,69.79964,16.416311,987.83185,70.03876495361328,16.513534545898438,2.5047771735190545,0.38,190.32676058383885,26.847341007032675,2.0,0.0,,2002-01-24 02:07:00/2002-01-24 06:41:00,F/M,U,Two_PLs_after_MGR,,,,,,,
2002-01-24 03:00:00,30,Rojo,253.868613138686,68.169716,8.12275,2.0,69.4580291970803,11.5967153284672,01:00,68.169716,8.12275,990.23987,68.54664,6.0145354,10.576980813102118,-0.06,199.97149995732974,96.07283523384226,0.0,0.0,,2002-01-24 02:07:00/2002-01-24 06:41:00,F/M,U,Two_PLs_after_MGR,,,,,,,
2002-01-24 03:00:00,30,Rojo,253.868613138686,71.41061,11.783806,2.0,69.4580291970803,11.5967153284672,01:00,71.41061,11.783806,989.92773,71.41060638427734,11.783805847167969,7.1148040763374105,0.31,217.2288652421529,0.00040208708140588765,0.0,1.0,,2002-01-24 02:07:00/2002-01-24 06:41:00,F/M,U,Two_PLs_after_MGR,,,,,,,
2002-01-24 06:00:00,30,Rojo,267.007299270073,70.135124,9.988567,1.0,69.6551094890511,11.9251824817518,02:00,70.135124,9.988567,989.9468,69.37314,8.820409,6.681149360678313,0.08,91.2519136558792,95.90982975647368,1.0,2.0,,2002-01-24 02:07:00/2002-01-24 06:41:00,F/M,U,Two_PLs_after_MGR,,,,,,,
2002-01-24 06:00:00,30,Rojo,267.007299270073,69.83154,15.722585,2.0,69.6551094890511,11.9251824817518,02:00,69.83154,15.722585,989.7735,69.77123260498047,15.982060432434082,2.96804330265849,0.42,147.48071434251213,12.008766173873722,2.0,1.0,,2002-01-24 02:07:00/2002-01-24 06:41:00,F/M,U,Two_PLs_after_MGR,,,,,,,
2002-01-24 06:00:00,30,Rojo,267.007299270073,72.13258,11.925755,2.0,69.6551094890511,11.9251824817518,02:00,72.13258,11.925755,989.8312,72.38718,11.1790085,9.305136132332812,0.55,275.48254167406367,37.967789000758316,1.0,1.0,,2002-01-24 02:07:00/2002-01-24 06:41:00,F/M,U,Two_PLs_after_MGR,,,,,,,
2002-01-24 09:00:00,30,Rojo,274.330218068536,70.03129,10.544575,1.0,69.8299065420561,12.2165109034268,03:00,70.03129,10.544575,990.2793,70.27227783203125,10.574334144592283,6.521781380284921,0.2,67.61013012642874,26.820204544826876,2.0,1.0,,2002-01-24 06:41:00/2002-01-24 12:02:00,M,U/C,Two_PLs_after_MGR,,,,,,,
2002-01-24 09:00:00,30,Rojo,274.330218068536,69.98133,15.636052,2.0,69.8299065420561,12.2165109034268,03:00,69.98133,15.636052,991.3515,70.19072723388672,15.282967567443848,4.22156715265873,0.37,131.69959585165324,26.850821950630962,0.0,1.0,,2002-01-24 06:41:00/2002-01-24 12:02:00,M,U/C,Two_PLs_after_MGR,,,,,,,
2002-01-24 09:00:00,30,Rojo,274.330218068536,69.13199,8.810623,2.0,69.8299065420561,12.2165109034268,03:00,69.13199,8.810623,990.10126,69.32670593261719,8.408209800720215,6.017108703885595,0.19,153.73697639158414,26.843673899816174,2.0,2.0,,2002-01-24 06:41:00/2002-01-24 12:02:00,M,U/C,Two_PLs_after_MGR,,,,,,,
2002-01-24 09:00:00,30,Rojo,274.330218068536,71.99949,11.272997,2.0,69.8299065420561,12.2165109034268,03:00,71.99949,11.272997,989.2965,72.492424,10.553816,8.74630367374157,0.51,243.66620847282744,59.99047231881237,2.0,2.0,,2002-01-24 06:41:00/2002-01-24 12:02:00,M,U/C,Two_PLs_after_MGR,,,,,,,
2002-01-24 12:00:00,30,Rojo,279.93769470405,69.97873,10.820493,1.0,69.9981308411215,12.4968847352025,04:00,69.97873,10.820493,990.52936,70.16666412353516,11.131103515625,5.863849607861025,0.18,63.824606159871436,23.984728347183882,1.0,2.0,,2002-01-24 06:41:00/2002-01-24 12:02:00,M,U/C,Two_PLs_after_MGR,,,,,,,
2002-01-24 12:00:00,30,Rojo,279.93769470405,68.84085,9.066443,2.0,69.9981308411215,12.4968847352025,04:00,68.84085,9.066443,990.20654,68.603195,8.39224,9.492457382698804,0.15,185.79774750341338,37.926783111151636,2.0,2.0,,2002-01-24 06:41:00/2002-01-24 12:02:00,M,U/C,Two_PLs_after_MGR,,,,,,,
2002-01-24 12:00:00,30,Rojo,279.93769470405,72.492424,10.553816,2.0,69.9981308411215,12.4968847352025,04:00,72.492424,10.553816,988.98474,72.39803314208984,10.381888389587402,9.72993324035637,0.87,285.88356617011647,11.975403162132519,2.0,1.0,,2002-01-24 06:41:00/2002-01-24 12:02:00,M,U/C,Two_PLs_after_MGR,,,,,,,
2002-01-24 15:00:00,30,Rojo,359.701492537313,69.97873,10.820493,1.0,70.5977611940299,11.5037313432836,05:00,69.97873,10.820493,990.18195,69.87233,11.368153,5.279210198041855,0.28,73.44710283276274,24.01833654095581,0.0,2.0,,2002-01-24 12:02:00/2002-01-24 16:30:00,M,C,Two_PLs_after_MGR,,,,,,,
2002-01-24 15:00:00,30,Rojo,359.701492537313,72.74159,9.772488,2.0,70.5977611940299,11.5037313432836,05:00,72.74159,9.772488,987.9112,72.64656829833984,9.602426528930664,7.611539358233169,1.44,245.92587717900665,11.970050693492613,2.0,2.0,,2002-01-24 12:02:00/2002-01-24 16:30:00,M,C,Two_PLs_after_MGR,,,,,,,
2002-01-25 03:00:00,31,Rojo,415.346534653465,68.70065,7.862717,1.0,71.4366336633663,9.31683168316832,01:00,68.70065,7.862717,982.62,68.60417938232422,7.730488777160644,17.835852317978105,0.77,309.15833814305313,11.988194076090645,2.0,2.0,,2002-01-25 01:56:00/2002-01-25 03:37:00,M,S - MGR,Most_beautiful,,,,,,,
2002-01-25 03:00:00,31,Rojo,415.346534653465,72.492424,10.553816,2.0,71.4366336633663,9.31683168316832,01:00,72.492424,10.553816,991.0923,72.586669921875,10.727500915527344,12.242655260985766,0.85,124.87748527034418,11.975102435987061,1.0,2.0,,2002-01-25 01:56:00/2002-01-25 03:37:00,M,S - MGR,Most_beautiful,,,,,,,
2002-01-25 03:00:00,31,Rojo,415.346534653465,72.61189,3.9443665,2.0,71.4366336633663,9.31683168316832,01:00,72.61189,3.9443665,989.47925,72.10275,5.162448,3.920963011818157,1.71,225.8544790244556,69.92767565934292,2.0,0.0,,2002-01-25 01:56:00/2002-01-25 03:37:00,M,S - MGR,Most_beautiful,,,,,,,
2002-01-25 06:00:00,31,Rojo,467.049180327869,68.89322,7.4601564,1.0,71.0,10.3524590163934,02:00,68.89322,7.4601564,983.33185,68.940674,7.190462,20.58687636849916,0.86,258.8557453490809,12.00891819780832,2.0,2.0,,2002-01-25 05:17:00/2002-01-25 06:18:00,M,S - MGR,Most_beautiful,,,,,,,
2002-01-25 06:00:00,31,Rojo,467.049180327869,66.90493,9.584778,2.0,71.0,10.3524590163934,02:00,66.90493,9.584778,988.3996,67.05107116699219,9.471653938293455,8.15221669867872,1.38,456.3731714209747,16.97847119187475,1.0,2.0,,2002-01-25 05:17:00/2002-01-25 06:18:00,M,S - MGR,Most_beautiful,,,,,,,
2002-01-25 06:00:00,31,Rojo,467.049180327869,71.87898,9.078725,2.0,71.0,10.3524590163934,02:00,71.87898,9.078725,992.1443,71.97441864013672,9.239462852478027,8.92400286278042,0.83,107.62914772086957,11.973578184863962,1.0,2.0,,2002-01-25 05:17:00/2002-01-25 06:18:00,M,S - MGR,Most_beautiful,,,,,,,
2002-01-25 06:00:00,31,Rojo,467.049180327869,73.46381,9.836079,2.0,71.0,10.3524590163934,02:00,73.46381,9.836079,992.89685,73.55863952636719,10.015192985534668,8.484976503098746,1.1,274.5207266924676,11.964231965891964,1.0,2.0,,2002-01-25 05:17:00/2002-01-25 06:18:00,M,S - MGR,Most_beautiful,,,,,,,
2002-01-25 06:00:00,31,Rojo,467.049180327869,70.83787,2.4028943,2.0,71.0,10.3524590163934,02:00,70.83787,2.4028943,991.2969,70.59840393066406,2.4700264930725098,7.448382132158352,1.49,289.32172402623155,26.74129749028992,0.0,2.0,,2002-01-25 05:17:00/2002-01-25 06:18:00,M,S - MGR,Most_beautiful,,,,,,,
2002-01-25 06:00:00,31,Rojo,467.049180327869,72.05575,2.815269,2.0,71.0,10.3524590163934,02:00,72.05575,2.815269,990.6752,72.09526062011719,2.488685846328736,3.8934442746092737,1.72,290.0844333800212,12.008750809606227,2.0,2.0,,2002-01-25 05:17:00/2002-01-25 06:18:00,M,S - MGR,Most_beautiful,,,,,,,
2002-01-25 09:00:00,31,Rojo,372.702702702703,68.79645,7.3285937,1.0,71.0,10.9864864864865,03:00,68.79645,7.3285937,985.6559,68.89054,6.789888,20.09219149093319,0.58,281.9863289553112,24.01780635962081,2.0,2.0,,2002-01-25 06:18:00/2002-01-25 11:51:00,M,S - MGR,Most_beautiful,,,,,,,
2002-01-25 09:00:00,31,Rojo,372.702702702703,72.79614,8.634761,2.0,71.0,10.9864864864865,03:00,72.79614,8.634761,994.11725,72.796142578125,8.634760856628418,10.815436234824707,0.79,215.57809916587652,0.0002867136018372402,1.0,2.0,,2002-01-25 06:18:00/2002-01-25 11:51:00,M,S - MGR,Most_beautiful,,,,,,,
2002-01-25 09:00:00,31,Rojo,372.702702702703,73.90055,9.353548,2.0,71.0,10.9864864864865,03:00,73.90055,9.353548,995.25,74.19095611572266,9.016851425170898,9.074854366809667,0.78,327.1104179364606,33.89171970803693,0.0,2.0,,2002-01-25 06:18:00/2002-01-25 11:51:00,M,S - MGR,Most_beautiful,,,,,,,
2002-01-25 09:00:00,31,Rojo,372.702702702703,69.93916,3.0687242,2.0,71.0,10.9864864864865,03:00,69.93916,3.0687242,991.9445,69.89836883544922,3.359968900680542,5.059160164569915,1.3,316.79754076392976,12.00895960052828,2.0,2.0,,2002-01-25 06:18:00/2002-01-25 11:51:00,M,S - MGR,Most_beautiful,,,,,,,
2002-01-25 09:00:00,31,Rojo,372.702702702703,70.83787,2.4028943,2.0,71.0,10.9864864864865,03:00,70.83787,2.4028943,992.67596,71.15455627441406,1.7106199264526367,4.3348414148443855,1.22,312.273628423304,43.223720525552636,0.0,1.0,,2002-01-25 06:18:00/2002-01-25 11:51:00,M,S - MGR,Most_beautiful,,,,,,,
2002-01-25 12:00:00,31,Rojo,267.326732673267,73.37338,8.815815,2.0,71.0,11.5445544554455,04:00,73.37338,8.815815,996.0743,73.32637786865234,8.30979061126709,6.290486781113092,0.67,279.6872088334357,16.94803161092205,2.0,1.0,,2002-01-25 11:51:00/2002-01-25 13:32:00,M,S - MGR,Most_beautiful,,,,,,,
2002-01-25 12:00:00,31,Rojo,267.326732673267,69.946434,6.168588,3.0,71.0,11.5445544554455,04:00,,,,69.946434,6.168588,3.2453756674054963,,231.5021430904867,0.0,,,Wrong PMSL min. Center by FullRVO,,,,,,,,,,,
2002-01-25 15:00:00,31,Rojo,274.285714285714,73.70449,9.857824,2.0,71.1142857142857,12.5714285714286,05:00,73.70449,9.857824,997.20776,73.8501968383789,9.697574615478516,10.137702266693273,0.61,302.0345020053582,16.949393937824127,2.0,2.0,,2002-01-25 13:32:00/2002-01-25 16:06:00,M,S - MGR/S,Most_beautiful,,,,,,,
2002-01-25 15:00:00,31,Rojo,274.285714285714,70.365326,4.981096,3.0,71.1142857142857,12.5714285714286,05:00,,,,70.365326,4.981096,5.153105878818868,,290.37015404875535,0.0,,,Wrong PMSL min. Center by FullRVO,,,,,,,,,,,
2002-01-25 18:00:00,31,Rojo,317.720207253886,69.95637,3.7706628,1.0,71.3575129533679,13.3937823834197,06:00,69.95637,3.7706628,996.6005,70.59287,4.21945,7.74838662920472,0.76,386.6118267883361,72.75166610441883,0.0,0.0,,2002-01-25 16:06:00/2002-01-26 01:45:00,M,S,Most_beautiful,,,,,,,
2002-01-25 18:00:00,31,Rojo,317.720207253886,73.87047,11.95977,2.0,71.3575129533679,13.3937823834197,06:00,73.87047,11.95977,997.8236,74.0177001953125,11.816421508789062,10.49047018149893,0.51,283.4410743430175,16.954444525263575,2.0,2.0,,2002-01-25 16:06:00/2002-01-26 01:45:00,M,S,Most_beautiful,,,,,,,
2002-01-25 21:00:00,31,Rojo,345.699481865285,70.337204,3.5482779,1.0,71.6062176165803,14.0155440414508,07:00,70.337204,3.5482779,996.9724,70.43653106689453,3.6709585189819336,9.46013606023738,0.6,404.2288117462608,11.956258253355177,1.0,2.0,,2002-01-25 16:06:00/2002-01-26 01:45:00,M,S,Most_beautiful,,,,,,,
2002-01-25 21:00:00,31,Rojo,345.699481865285,73.77615,14.018974,2.0,71.6062176165803,14.0155440414508,07:00,73.77615,14.018974,998.7992,74.10717010498047,14.310871124267578,5.940533403529303,0.41,241.28583963085202,37.88687885549437,2.0,2.0,,2002-01-25 16:06:00/2002-01-26 01:45:00,M,S,Most_beautiful,,,,,,,
2002-01-26 00:00:00,31,Rojo,373.678756476684,71.18503,5.0024385,1.0,71.8549222797927,14.6373056994819,08:00,71.18503,5.0024385,998.0517,71.07317,4.1258116,9.05539261576022,0.47,347.25946567559293,33.89203474271293,0.0,2.0,,2002-01-25 16:06:00/2002-01-26 01:45:00,M,S,Most_beautiful,,,,,,,
2002-01-26 00:00:00,31,Rojo,373.678756476684,73.372986,12.699428,2.0,71.8549222797927,14.6373056994819,08:00,73.372986,12.699428,999.5189,73.61329650878906,12.761932373046877,2.9856161845145537,0.3,180.64229761884627,26.79421299366368,0.0,2.0,,2002-01-25 16:06:00/2002-01-26 01:45:00,M,S,Most_beautiful,,,,,,,
2002-01-26 06:00:00,31,Rojo,390.172910662824,71.04301,5.17337,1.0,72.0121037463977,15.0,09:00,71.04301,5.17337,995.66815,70.535774,3.794789,9.384098463333665,0.66,362.1198952013267,75.66229432280457,2.0,1.0,,2002-01-26 05:54:00/2002-01-26 11:41:00,M,S,Most_beautiful,,,,,,,
2002-01-25 03:00:00,32,Rojo,150.0,66.560776,10.045664,1.0,67.4366336633663,10.6831683168317,01:00,66.560776,10.045664,988.92206,66.79193,10.680281,5.048149355259137,0.18,101.25218198611805,37.96330548429938,2.0,2.0,,2002-01-25 01:56:00/2002-01-25 03:37:00,F,-,Not_multiple_in_METNO_List_Uncertainties,,,,,,,
2002-01-25 06:00:00,32,Rojo,214.098360655738,66.90493,9.584778,1.0,67.5409836065574,9.29508196721311,02:00,66.90493,9.584778,988.3996,67.05107116699219,9.471653938293455,8.15221669867872,0.18,71.81691998211005,16.97847119187475,1.0,2.0,,2002-01-25 05:17:00/2002-01-25 06:18:00,F/M,C,Not_multiple_in_METNO_List_Uncertainties,,,,,,,
2002-01-25 06:00:00,32,Rojo,214.098360655738,68.89322,7.4601564,2.0,67.5409836065574,9.29508196721311,02:00,68.89322,7.4601564,983.33185,68.940674,7.190462,20.58687636849916,0.66,168.33262837628038,12.00891819780832,2.0,2.0,,2002-01-25 05:17:00/2002-01-25 06:18:00,F/M,C,Not_multiple_in_METNO_List_Uncertainties,,,,,,,
2002-01-25 09:00:00,32,Rojo,220.0,66.80978,9.455121,1.0,66.9675675675676,8.27027027027027,03:00,66.80978,9.455121,988.961,66.95582580566406,9.341687202453612,10.791209722737827,0.22,54.60845018583851,16.97784642674878,0.0,2.0,,2002-01-25 06:18:00/2002-01-25 11:51:00,M,C,Not_multiple_in_METNO_List_Uncertainties,,,,,,,
2002-01-25 09:00:00,32,Rojo,220.0,68.79645,7.3285937,2.0,66.9675675675676,8.27027027027027,03:00,68.79645,7.3285937,985.6559,68.89054,6.789888,20.09219149093319,0.53,207.14285003513746,24.01780635962081,2.0,2.0,,2002-01-25 06:18:00/2002-01-25 11:51:00,M,C,Not_multiple_in_METNO_List_Uncertainties,,,,,,,
2002-01-25 12:00:00,32,Rojo,222.673267326733,66.42233,9.549838,1.0,66.2732673267327,7.5,04:00,66.42233,9.549838,989.62726,66.56847381591797,9.438817024230955,9.759092147266228,0.31,92.92819844447106,16.979933312885198,1.0,2.0,,2002-01-25 11:51:00/2002-01-25 13:32:00,M/D,C,Not_multiple_in_METNO_List_Uncertainties,,,,,,,
2002-01-25 15:00:00,32,Rojo,232.857142857143,65.78504,10.212139,1.0,65.2571428571429,7.5,05:00,65.78504,10.212139,991.5243,65.98341369628906,9.875092506408691,6.824368790547039,0.22,138.045993482286,26.852198405352713,2.0,2.0,,2002-01-25 13:32:00/2002-01-25 16:06:00,D,C,Not_multiple_in_METNO_List_Uncertainties,,,,,,,
2002-02-23 06:00:00,36,Rojo,290.0,68.154594,10.069619,1.0,71.2983922829582,7.01864951768489,01:00,68.154594,10.069619,958.17065,68.40335,9.437425,8.715150229422342,0.75,368.69833842551446,37.9724336793505,2.0,2.0,,-/2002-02-23 06:29:00,-/F,-/C,-,-/958.0,-/45.0,-/nan,,,,
2002-02-23 09:00:00,36,Rojo,290.0,67.62031,10.273026,1.0,69.4463022508039,6.90289389067524,02:00,67.62031,10.273026,959.1623,67.67966,9.38862,9.431885591750897,0.71,244.94124164048745,37.973246161846255,2.0,2.0,,2002-02-23 06:29:00/2002-02-23 11:40:00,F/M,C,-,958.0,45.0,,,,,
2002-02-23 12:00:00,36,Rojo,296.0,67.180016,10.60201,1.0,67.74,6.94,03:00,67.180016,10.60201,959.87396,67.13790893554688,10.22388744354248,9.70205758407937,1.01,168.0201467340067,16.979276574781046,2.0,2.0,,2002-02-23 11:40:00/2002-02-23 13:20:00,M,C,-,958.0,45.0,,,,,
2002-02-23 15:00:00,36,Rojo,353.707865168539,66.77949,11.292099,1.0,67.5,8.06179775280899,04:00,66.77949,11.292099,959.637,66.77948760986328,11.292098999023438,9.870796271197452,1.05,160.87747879234743,0.0002657714555181305,2.0,2.0,,2002-02-23 13:20:00/2002-02-23 16:18:00,M,C/C - H,-,958.0,45.0,,,,,
2002-02-23 18:00:00,36,Rojo,380.0,66.65485,12.373632,1.0,67.1697841726619,9.32553956834532,05:00,66.65485,12.373632,959.9136,66.46905517578125,12.096755981445312,10.8754207605019,1.15,144.69855777114026,24.01608149419413,2.0,2.0,,2002-02-23 16:18:00/2002-02-24 01:34:00,M/D,C - H/-,-,958.0,45.0,,,,,
2002-02-23 18:00:00,36,Rojo,380.0,69.74776,10.091436,2.0,67.1697841726619,9.32553956834532,05:00,69.74776,10.091436,965.28314,69.70424,9.669274,8.223146057623348,0.72,288.3528824775975,16.970534992194075,0.0,2.0,,2002-02-23 16:18:00/2002-02-24 01:34:00,M/D,C - H/-,-,958.0,45.0,,,,,
2002-02-23 21:00:00,36,Rojo,380.0,66.43099,13.301839,1.0,66.5870503597122,10.7823741007194,06:00,66.43099,13.301839,961.3191,66.52287292480469,13.444025993347168,10.67520474473109,0.83,113.00215941321947,12.00853170386225,2.0,2.0,,2002-02-23 16:18:00/2002-02-24 01:34:00,M/D,C - H/-,-,958.0,45.0,,,,,
2002-02-23 21:00:00,36,Rojo,380.0,68.826035,10.403148,2.0,66.5870503597122,10.7823741007194,06:00,68.826035,10.403148,964.74115,68.40841,8.781536,9.491234615132422,0.84,249.47622779230343,80.48535384150355,0.0,1.0,,2002-02-23 16:18:00/2002-02-24 01:34:00,M/D,C - H/-,-,958.0,45.0,,,,,
2002-02-24 00:00:00,36,Rojo,380.0,66.32512,14.729076,1.0,66.0043165467626,12.2392086330935,07:00,66.32512,14.729076,963.7201,66.4744644165039,14.649144172668455,12.628992575631012,0.54,117.4217043814474,16.983316314229963,2.0,2.0,,2002-02-23 16:18:00/2002-02-24 01:34:00,M/D,C - H/-,-,958.0,45.0,,,,,
2002-02-24 00:00:00,36,Rojo,380.0,67.90344,10.688119,2.0,66.0043165467626,12.2392086330935,07:00,67.90344,10.688119,964.8679,67.533615,9.505415,9.731380980986472,0.69,221.68739457467052,64.63114297848239,1.0,1.0,,2002-02-23 16:18:00/2002-02-24 01:34:00,M/D,C - H/-,-,958.0,45.0,,,,,
2002-03-01 12:00:00,37,Rojo,396.363636363636,70.3208,12.879001,3.0,69.0,9.6969696969697,01:00,,,,70.3208,12.879001,3.940182673370109,,191.51026198754246,0.0,,,No candidates. Center by FullRVO,,,,,,,,,,,
2002-03-01 15:00:00,37,Rojo,410.0,69.875854,13.19792,3.0,69.2304278922346,11.8042789223455,02:00,,,,69.875854,13.19792,4.677432296778343,,89.89167069990053,0.0,,,No candidates. Center by FullRVO,,,,,,,,,,,
2002-03-01 18:00:00,37,Rojo,410.0,69.67662,16.929,1.0,69.3160063391442,12.6600633914422,03:00,69.67662,16.929,985.89343,69.471466,15.036925,7.756779059553112,0.07,170.9948587492476,76.88363189176182,0.0,1.0,,2002-03-01 13:56:00/2002-03-02 00:27:00,M,C,The_polar_storm,,50.0,,,,,
2002-03-01 21:00:00,37,Rojo,410.0,69.11972,3.116667,2.0,69.4015847860539,13.5158478605388,04:00,69.11972,3.116667,995.7429,68.96052551269531,2.6118741035461426,9.351755227015117,0.37,410.17761362897136,26.767391527382824,0.0,2.0,,2002-03-01 13:56:00/2002-03-02 00:27:00,M,C,The_polar_storm,,50.0,,,,,
2002-03-01 21:00:00,37,Rojo,410.0,69.28735,16.904696,3.0,69.4015847860539,13.5158478605388,04:00,,,,69.28735,16.904696,6.6015407294408766,,133.51209959800354,0.0,,,Wrong PMSL min. Center by FullRVO,,,,,,,,,,,
2002-03-02 00:00:00,37,Rojo,410.0,69.08352,18.739408,1.0,69.4871632329636,14.3716323296355,05:00,69.08352,18.739408,985.75854,68.90985,18.381073,7.349939831077536,0.02,177.51388725533525,24.018276076177933,0.0,2.0,,2002-03-01 13:56:00/2002-03-02 00:27:00,M,C,The_polar_storm,,50.0,,,,,
2002-03-02 00:00:00,37,Rojo,410.0,67.63712,3.6719754,2.0,69.4871632329636,14.3716323296355,05:00,67.63712,3.6719754,996.6014,68.39946746826172,3.268968343734741,1.2988509496988156,0.21,480.2049155542941,86.41244063661469,0.0,0.0,,2002-03-01 13:56:00/2002-03-02 00:27:00,M,C,The_polar_storm,,50.0,,,,,
2002-03-09 12:00:00,38,Rojo,474.2,68.82439,0.2263991,1.0,69.645,-4.5,01:00,68.82439,0.2263991,983.8553,68.82438659667969,0.2263990938663482,10.707076248469887,0.69,207.39999155458213,0.00037843256717577645,1.0,2.0,,2002-03-09 10:49:00/2002-03-09 12:29:00,M,C,-,,,,,,,
2002-03-09 15:00:00,38,Rojo,492.043596730245,68.115845,-1.3651395,1.0,68.8297002724796,-4.82970027247956,02:00,68.115845,-1.3651395,983.6096,67.94487762451172,-1.8166074752807613,12.267007572279638,0.76,162.0908755724652,26.723134640877916,2.0,2.0,,2002-03-09 14:10:00/2002-03-10 02:24:00,M,C/H - S,-,,,,,,,
2002-03-09 18:00:00,38,Rojo,499.400544959128,67.91172,-1.5430712,1.0,68.216621253406,-4.21662125340599,03:00,67.91172,-1.5430712,986.2421,67.9117202758789,-1.543071150779724,9.363455241104626,0.75,116.10544185301235,3.074533628564786e-05,2.0,2.0,,2002-03-09 14:10:00/2002-03-10 02:24:00,M,C/H - S,-,,,,,,,
2002-03-09 21:00:00,38,Rojo,506.757493188011,67.84263,-1.9033978,1.0,67.6035422343324,-3.60354223433243,04:00,67.84263,-1.9033978,988.80164,67.8048,-2.5344744,10.450717899184752,0.66,76.43407407948409,26.819004098990693,2.0,2.0,,2002-03-09 14:10:00/2002-03-10 02:24:00,M,C/H - S,-,,,,,,,
2002-03-10 00:00:00,38,Rojo,514.114441416894,67.093666,-2.226781,1.0,66.9904632152589,-2.99046321525886,05:00,67.093666,-2.226781,990.95557,67.8048,-2.5344744,6.825600101311808,0.61,35.05392493568705,80.1555747736897,2.0,0.0,,2002-03-09 14:10:00/2002-03-10 02:24:00,M,C/H - S,-,,,,,,,
2002-12-20 12:00:00,41,Rojo,251.315789473684,67.209236,13.229582,1.0,68.1947368421053,11.0394736842105,01:00,67.209236,13.229582,1007.01697,67.72507,13.732273,2.2321331653173906,-0.05,143.32294621868493,61.22692421618567,0.0,2.0,,2002-12-20 11:58:00/2002-12-20 13:14:00,M,S/C - H,-,999.0,30.0,,,,,
2002-12-20 15:00:00,41,Rojo,300.0,66.052605,14.295008,1.0,67.5573770491803,12.5,02:00,66.052605,14.295008,1010.17755,66.23441314697266,14.583344459533691,-0.0804965392445317,-0.1,184.85273010260633,24.017491381134715,0.0,0.0,On land,2002-12-20 13:39:00/2002-12-20 19:45:00,M,C - H/-,-,999.0,30.0,,,,,
2002-12-20 18:00:00,41,Rojo,300.0,65.33822,15.980421,3.0,66.5737704918033,12.5,03:00,,,,65.33822,15.980421,0.7581667746347543,,209.08522363111507,0.0,,,No candidates. Center by FullRVO,,,,,,,,,,,
2003-01-16 06:00:00,42,Rojo,250.0,76.01182,1.0837883,3.0,74.0615763546798,0.0,01:00,,,,76.01182,1.0837883,3.502449149453931,,219.0692808729094,0.0,,,No candidates. Center by FullRVO,,,,,,,,,,,
2003-01-16 09:00:00,42,Rojo,250.0,75.370605,0.6364745,3.0,73.6182266009852,0.0,02:00,,,,75.370605,0.6364745,4.082591770379514,,195.7693783625179,0.0,,,No candidates. Center by FullRVO,,,,,,,,,,,
2003-01-16 12:00:00,42,Rojo,250.0,74.728615,0.22192624,3.0,72.9926470588235,0.0,03:00,,,,74.728615,0.22192624,3.407659462776526,,193.1526014625291,0.0,,,No candidates. Center by FullRVO,,,,,,,,,,,
2003-01-16 15:00:00,42,Rojo,250.0,72.31258,-2.870066,3.0,71.9969359331476,1.17688022284123,04:00,,,,72.31258,-2.870066,3.2522976856041725,,142.26751974711877,0.0,,,No candidates. Center by FullRVO,,,,,,,,,,,
2003-01-16 18:00:00,42,Rojo,250.0,71.88057,-1.8257315,3.0,71.5456824512535,2.68105849582173,05:00,,,,71.88057,-1.8257315,4.699978152304921,,161.55031800868707,0.0,,,No candidates. Center by FullRVO,,,,,,,,,,,
2003-01-16 21:00:00,42,Rojo,250.0,71.33722,-2.0015879,3.0,70.808,3.91,06:00,,,,71.33722,-2.0015879,4.995073729316259,,221.09155554827845,0.0,,,No candidates. Center by FullRVO,,,,,,,,,,,
2003-01-17 00:00:00,42,Rojo,250.0,70.99925,0.11975939,3.0,70.2287272727273,4.58909090909091,07:00,,,,70.99925,0.11975939,4.23220383144831,,185.82141538923216,0.0,,,No candidates. Center by FullRVO. Last point,,,,,,,,,,,
2003-01-17 03:00:00,42,Rojo,250.0,,,4.0,69.6346534653465,5.0,,,,,,,,,,,,,Enlarge view area,,,,,,,,,,,
2003-01-23 00:00:00,44,Rojo,250.0,72.019104,9.711268,2.0,72.5,3.0,01:00,72.019104,9.711268,995.6064,72.1140365600586,9.876410484313965,4.830563001038027,0.3,233.45789287000656,11.974954117533409,1.0,1.0,,2003-01-22 22:23:00/2003-01-23 00:45:00,M,MGR,Multiple_Impossible_to_measure,995.0,53.0,,,,,
2003-01-23 00:00:00,44,Rojo,250.0,74.04504,-2.2742076,2.0,72.5,3.0,01:00,74.04504,-2.2742076,993.6353,74.11614227294922,-1.7846356630325315,5.212719960082102,0.97,240.6871829966958,16.895456352721236,2.0,2.0,,2003-01-22 22:23:00/2003-01-23 00:45:00,M,MGR,Multiple_Impossible_to_measure,995.0,53.0,,,,,
2003-01-23 00:00:00,44,Rojo,250.0,72.50364,-3.8053532,3.0,72.5,3.0,01:00,,,,72.50364,-3.8053532,5.012431720951566,,227.40642356639046,0.0,,,Wrong PMSL min. Center by FullRVO,,,,,,,,,,,
2003-01-23 03:00:00,44,Rojo,250.0,71.46044,-3.2996807,1.0,71.835,2.33,02:00,71.46044,-3.2996807,999.9175,71.12212,-3.2518833,8.100474794352596,0.66,201.37207501215698,37.658124705137304,1.0,2.0,,2003-01-23 02:27:00/2003-01-23 04:07:00,M,MGR,Multiple_Impossible_to_measure,995.0,53.0,,,,,
2003-01-23 03:00:00,44,Rojo,250.0,72.45613,9.267523,2.0,71.835,2.33,02:00,72.45613,9.267523,993.0893,72.50599670410156,8.9492826461792,10.131854054244885,0.68,246.23581339396145,12.00892446173019,2.0,2.0,,2003-01-23 02:27:00/2003-01-23 04:07:00,M,MGR,Multiple_Impossible_to_measure,995.0,53.0,,,,,
2003-01-23 06:00:00,44,Rojo,250.0,70.831505,-0.40590224,1.0,71.3569620253165,3.57215189873418,03:00,70.831505,-0.40590224,997.7727,70.83150482177734,-0.405902236700058,8.2752314574651,0.6,154.7396262415382,1.981785000518085e-05,2.0,2.0,,2003-01-23 04:07:00/2003-01-23 10:42:00,M,MGR,Multiple_Impossible_to_measure,995.0,53.0,,,,,
2003-01-23 06:00:00,44,Rojo,250.0,73.02908,6.159582,2.0,71.3569620253165,3.57215189873418,03:00,73.02908,6.159582,991.87506,73.01998,5.3338695,15.986159685139723,0.9,205.65518952807656,26.825442317569255,0.0,2.0,,2003-01-23 04:07:00/2003-01-23 10:42:00,M,MGR,Multiple_Impossible_to_measure,995.0,53.0,,,,,
2003-01-23 09:00:00,44,Rojo,250.0,70.65848,2.8921254,1.0,71.1291139240506,4.48354430379747,04:00,70.65848,2.8921254,997.1833,70.69837951660156,2.588809967041016,9.10079209828331,0.62,78.05717166411941,12.008886026512336,2.0,2.0,,2003-01-23 04:07:00/2003-01-23 10:42:00,M,MGR,Multiple_Impossible_to_measure,995.0,53.0,,,,,
2003-01-23 09:00:00,44,Rojo,250.0,73.161835,5.143143,2.0,71.1291139240506,4.48354430379747,04:00,73.161835,5.143143,992.1934,73.16183471679688,5.143143177032471,13.133521962144316,0.89,227.14095861673738,3.2002890589102664e-05,2.0,2.0,,2003-01-23 04:07:00/2003-01-23 10:42:00,M,MGR,Multiple_Impossible_to_measure,995.0,53.0,,,,,
2003-01-23 12:00:00,44,Rojo,250.0,70.62316,6.398022,1.0,70.6060606060606,6.96969696969697,05:00,70.62316,6.398022,996.57025,70.66873168945312,6.102564334869385,9.53967275182668,0.55,21.184763143246784,12.009222864704853,2.0,2.0,,2003-01-23 10:42:00/2003-01-23 12:21:00,M,MGR,Multiple_Impossible_to_measure,995.0,53.0,,,,,
2003-01-23 15:00:00,44,Rojo,250.0,70.81442,9.614215,1.0,70.1975476839237,13.6321525885559,06:00,70.81442,9.614215,996.563,70.7696762084961,9.170886993408203,9.484373500026669,0.41,164.07364744389128,16.964173695284522,2.0,2.0,,2003-01-23 14:02:00/2003-01-24 02:16:00,M,MGR,Multiple_Impossible_to_measure,995.0,53.0,,,,,
2003-01-23 18:00:00,44,Rojo,250.0,71.02244,11.8597975,1.0,70.8106267029973,15.5940054495913,07:00,71.02244,11.8597975,996.87225,70.98296356201172,11.406937599182127,8.50875480357889,0.29,137.76082974306726,16.969517662451064,2.0,2.0,,2003-01-23 14:02:00/2003-01-24 02:16:00,M,MGR,Multiple_Impossible_to_measure,995.0,53.0,,,,,
2003-01-29 03:00:00,45,Rojo,240.098039215686,75.23454,5.458781,1.0,74.5029411764706,0.995098039215686,01:00,75.23454,5.458781,1006.21655,75.47433471679688,5.409445285797119,9.417159551065025,0.2,152.92543572401428,26.700043532937507,2.0,2.0,,2003-01-29 01:19:00/2003-01-29 03:01:00,F,C,Reversed_Shear,997.0,50.0,,,,,
2003-01-29 06:00:00,45,Rojo,285.079365079365,74.85278,5.717956,1.0,73.6238095238095,0.874603174603175,02:00,74.85278,5.717956,1005.01483,75.03805541992188,5.123514652252197,10.000777128667304,0.44,200.08142398176503,26.81742259677427,2.0,2.0,,2003-01-29 04:41:00/2003-01-29 09:56:00,F/M,C,Reversed_Shear,997.0,50.0,,,,,
2003-01-29 09:00:00,45,Rojo,342.222222222222,74.47058,5.963536,1.0,72.7666666666667,0.588888888888889,03:00,74.47058,5.963536,1004.7912,74.65665,5.3869653,10.032882290993482,0.47,253.40294269846842,26.81911165312121,2.0,2.0,,2003-01-29 04:41:00/2003-01-29 09:56:00,F/M,C,Reversed_Shear,997.0,50.0,,,,,
2003-01-29 12:00:00,45,Rojo,353.924050632911,74.08795,6.196517,1.0,71.9392405063291,1.0,04:00,74.08795,6.196517,1004.6639,74.078545,5.3176265,10.2527753127434,0.49,292.3245019860623,26.821201403001144,2.0,2.0,,2003-01-29 11:36:00/2003-01-29 12:55:00,M,C,Reversed_Shear,997.0,50.0,,,,,
2003-01-29 15:00:00,45,Rojo,333.917274939173,68.90014,2.222598,2.0,70.8451612903226,1.0,05:00,,,,68.90014,2.222598,9.124135498067194,,221.26699845245275,0.0,,,No candidates. Center by FullRVO,,,,,,,,,,,
2003-01-29 15:00:00,45,Rojo,333.917274939173,,,4.0,70.8451612903226,1.0,,,,,,,,,,,,,Enlarge view area,,,,,,,,,,,
2003-01-29 18:00:00,45,Rojo,325.158150851582,67.719955,3.1467338,2.0,69.6838709677419,1.0,06:00,,,,67.719955,3.1467338,9.033842783727458,,234.92601070472773,0.0,,,No candidates. Center by FullRVO,,,,,,,,,,,
2003-01-29 18:00:00,45,Rojo,325.158150851582,,,4.0,69.6838709677419,1.0,,,,,,,,,,,,,Enlarge view area,,,,,,,,,,,
2003-01-29 21:00:00,45,Rojo,439.59595959596,69.443825,11.024808,1.0,68.4020202020202,2.86868686868687,07:00,69.443825,11.024808,992.76526,69.59082794189453,10.90731430053711,17.192547101468612,1.22,345.7963963632403,16.973263746240907,2.0,2.0,Enlarge view area,2003-01-29 19:46:00/2003-01-29 21:25:00,M,C,Reversed_Shear,997.0,50.0,,,,,
2003-01-29 21:00:00,45,Rojo,439.59595959596,67.1807,2.8769937,2.0,68.4020202020202,2.86868686868687,07:00,,,,67.1807,2.8769937,7.945458380458736,,135.80525057605328,0.0,,,No candidates. Center by FullRVO,,,,,,,,,,,
2003-01-30 00:00:00,45,Rojo,542.191358024691,69.22201,9.631115,1.0,67.3659192825112,3.5,08:00,69.22201,9.631115,991.889,69.2728042602539,9.362136840820312,13.141278190513756,1.15,325.5891720103066,12.008879355633981,2.0,2.0,Enlarge view area,2003-01-29 21:25:00/2003-01-30 01:08:00,M,C/S - H,Reversed_Shear,997.0,50.0,,,,,
2003-01-30 00:00:00,45,Rojo,542.191358024691,72.10275,5.162448,2.0,67.3659192825112,3.5,08:00,72.10275,5.162448,1006.73346,72.09012603759766,4.378730773925781,9.295299646356211,0.21,530.5389518043148,26.826462386689105,2.0,2.0,The point from the first steps that left the area returned,2003-01-29 21:25:00/2003-01-30 01:08:00,M,C/S - H,Reversed_Shear,997.0,50.0,,,,,
2003-01-30 03:00:00,45,Rojo,614.356435643564,68.74831,8.26227,1.0,66.1237623762376,3.55445544554455,09:00,68.74831,8.26227,990.69946,68.79702758789062,7.996062755584717,14.577319036761224,1.42,354.07366868543926,12.008829323703383,2.0,2.0,Enlarge view area,2003-01-30 02:49:00/2003-01-30 04:30:00,M,S,Reversed_Shear,997.0,50.0,,,,,
2003-01-30 03:00:00,45,Rojo,614.356435643564,71.46851,4.652705,2.0,66.1237623762376,3.55445544554455,09:00,71.46851,4.652705,1008.67114,71.65228271484375,4.158474445343018,10.02840631359778,0.11,595.9238279149026,26.827753768933437,1.0,2.0,The point from the first steps that left the area returned,2003-01-30 02:49:00/2003-01-30 04:30:00,M,S,Reversed_Shear,997.0,50.0,,,,,
2003-03-23 03:00:00,49,Rojo,457.8,69.44206,-14.031092,3.0,67.9228971962617,-13.0,01:00,,,,69.44206,-14.031092,0.4428849261885013,,173.98340383992112,0.0,,,No candidates. Center by FullRVO,,,,,,,,,,,
2003-03-23 06:00:00,49,Rojo,482.211538461538,69.6644,-14.273483,1.0,69.2423076923077,-9.05769230769231,02:00,69.6644,-14.273483,992.3016,70.06206512451172,-13.514095306396484,0.9855507872966872,0.52,208.82296657425385,52.917078332486824,2.0,1.0,,2003-03-23 04:51:00/2003-03-23 10:03:00,M,C,Comma_in_SW,,45.0,,,,,
2003-03-23 09:00:00,49,Rojo,487.980769230769,70.5185,-11.722649,1.0,70.3961538461538,-7.90384615384615,03:00,70.5185,-11.722649,992.91125,70.7440414428711,-11.954766273498535,1.3337414933629737,0.6,142.66927223857587,26.499631651196918,2.0,1.0,,2003-03-23 04:51:00/2003-03-23 10:03:00,M,C,Comma_in_SW,,45.0,,,,,
2003-03-23 12:00:00,49,Rojo,436.5,71.46282,-7.4994984,1.0,71.37,-5.975,04:00,71.46282,-7.4994984,993.0582,72.01628,-6.042818,3.064472253714663,0.51,54.9984489637836,79.7658428586706,2.0,2.0,,2003-03-23 11:25:00/2003-03-23 13:05:00,M,C,Comma_in_SW,,45.0,,,,,
2003-03-23 15:00:00,49,Rojo,427.18826405868,72.07691,-2.727819,1.0,71.8103225806452,-3.16451612903226,05:00,72.07691,-2.727819,993.51984,72.54806518554688,-3.0164928436279297,4.508513644989151,0.32,33.24508229851585,53.289980681907345,2.0,2.0,,2003-03-23 14:44:00/2003-03-23 19:54:00,M,C,Comma_in_SW,,45.0,,,,,
2003-03-23 18:00:00,49,Rojo,422.78728606357,72.05575,2.815269,1.0,71.9264516129032,0.609677419354838,06:00,72.05575,2.815269,993.72437,72.82546,1.1027914,3.0462785431045485,0.74,77.1693712474626,103.0720798707237,2.0,0.0,,2003-03-23 14:44:00/2003-03-23 19:54:00,M,C,Comma_in_SW,,45.0,,,,,
2003-03-23 21:00:00,49,Rojo,433.333333333333,71.82661,6.290325,1.0,72.3333333333333,3.66666666666667,07:00,71.82661,6.290325,994.2382,71.58793,9.3700695,3.00659785491539,0.71,105.96993735164804,110.70086100222099,2.0,0.0,,2003-03-23 19:54:00/2003-03-23 21:33:00,M,C,Comma_in_SW,,45.0,,,,,
2003-03-24 00:00:00,49,Rojo,453.066666666667,71.579094,12.888331,1.0,72.5,7.92,08:00,71.579094,12.888331,993.33093,71.81951904296875,12.94900894165039,3.2595691285599875,0.81,198.6749007551952,26.817895398513773,2.0,2.0,,2003-03-23 21:33:00/2003-03-24 01:18:00,M,C,Comma_in_SW,,45.0,,,,,
2003-12-29 03:00:00,55,Rojo,523.762376237624,71.60798,20.007154,1.0,69.9247524752475,12.7,01:00,71.60798,20.007154,989.2706,71.73964,19.462555,12.028222104122838,0.56,326.27473059163884,24.018051537415783,1.0,2.0,,2003-12-29 02:22:00/2003-12-29 04:03:00,M,C,-,,54.0,,,,,
2003-12-29 06:00:00,55,Rojo,500.571428571429,71.32988,18.91337,1.0,69.4495327102804,12.4579439252336,02:00,71.32988,18.91337,989.4518,71.30751037597656,18.441755294799805,13.87354541483718,0.68,318.7049536560766,16.980261103590284,2.0,2.0,,2003-12-29 05:42:00/2003-12-29 09:16:00,M,C,-,,54.0,,,,,
2003-12-29 09:00:00,55,Rojo,506.285714285714,71.37132,18.169428,1.0,68.9448598130841,12.0373831775701,03:00,71.37132,18.169428,988.82367,71.92322,16.891325,12.878015602429654,0.85,355.13942324155647,75.94739163514156,2.0,2.0,,2003-12-29 05:42:00/2003-12-29 09:16:00,M,C,-,,54.0,,,,,
2003-12-29 09:00:00,55,Rojo,506.285714285714,69.653,9.9430275,2.0,68.9448598130841,12.0373831775701,03:00,69.653,9.9430275,996.7715,69.5139389038086,9.37807559967041,9.0067390598873,0.17,113.90615513010965,26.820266486412113,0.0,2.0,,2003-12-29 05:42:00/2003-12-29 09:16:00,M,C,-,,54.0,,,,,
2003-12-29 12:00:00,55,Rojo,533.924050632911,71.71084,17.25947,1.0,68.7,13.0,04:00,71.71084,17.25947,988.69635,72.076996,15.539015,18.85924461960841,0.99,371.0226587320541,72.05437419588968,2.0,2.0,,2003-12-29 10:57:00/2003-12-29 12:16:00,M,C,-,,54.0,,,,,
2003-12-29 12:00:00,55,Rojo,533.924050632911,69.577644,11.5984335,2.0,68.7,13.0,04:00,69.577644,11.5984335,996.5709,69.34984,10.874321,8.054768410899312,0.35,112.26013551006982,37.93977403267636,2.0,2.0,,2003-12-29 10:57:00/2003-12-29 12:16:00,M,C,-,,54.0,,,,,
2003-12-29 15:00:00,55,Rojo,523.922829581994,71.98704,15.346038,1.0,68.4569131832798,13.3038585209003,05:00,71.98704,15.346038,986.83954,71.98132,14.087614,18.697808006371183,1.05,399.9254773544163,43.281551856614364,2.0,2.0,,2003-12-29 13:57:00/2003-12-29 19:08:00,M,C,-,,54.0,,,,,
2003-12-29 15:00:00,55,Rojo,523.922829581994,69.50653,12.5540695,2.0,68.4569131832798,13.3038585209003,05:00,69.50653,12.5540695,996.80475,69.80248260498047,12.337945938110352,3.958241535088919,0.36,120.47982804217315,33.95256913057785,2.0,2.0,,2003-12-29 13:57:00/2003-12-29 19:08:00,M,C,-,,54.0,,,,,
2003-12-29 18:00:00,55,Rojo,506.559485530547,71.98132,14.087614,1.0,67.7623794212219,14.1720257234727,06:00,71.98132,14.087614,985.01953,71.81952,12.949009,18.13504791930621,1.44,469.13645284118087,43.251582286991294,2.0,2.0,,2003-12-29 13:57:00/2003-12-29 19:08:00,M,C,-,,54.0,,,,,
2003-12-29 18:00:00,55,Rojo,506.559485530547,69.55598,14.091465,2.0,67.7623794212219,14.1720257234727,06:00,69.55598,14.091465,997.4043,69.73812866210938,14.424665451049805,4.684316660872064,0.24,199.46616239079546,24.005737785229726,2.0,2.0,,2003-12-29 13:57:00/2003-12-29 19:08:00,M,C,-,,54.0,,,,,
2003-12-29 21:00:00,55,Rojo,500.0,72.02307,12.530777,1.0,66.9919504643963,14.6006191950464,07:00,72.02307,12.530777,985.2643,71.4492,12.247406,13.50946391110282,1.83,565.1248770838545,64.570890678631,2.0,2.0,,2003-12-29 20:47:00/2003-12-30 02:10:00,M/D,C,-/Over_the_land,,54.0,,,,,
2003-12-29 21:00:00,55,Rojo,500.0,70.01058,16.074186,2.0,66.9919504643963,14.6006191950464,07:00,70.01058,16.074186,997.96075,70.09983825683594,16.252239227294922,8.042218853096978,0.58,340.96073094840506,12.004920833743183,2.0,2.0,,2003-12-29 20:47:00/2003-12-30 02:10:00,M/D,C,-/Over_the_land,,54.0,,,,,
2003-12-30 00:00:00,55,Rojo,500.0,71.66492,11.064259,1.0,66.8804953560371,15.9938080495356,08:00,71.66492,11.064259,986.77856,71.43465,10.270214,12.467682166650585,1.38,565.8302065530256,37.89984018597364,2.0,2.0,,2003-12-29 20:47:00/2003-12-30 02:10:00,M/D,C,-/Over_the_land,,54.0,,,,,
2003-12-30 00:00:00,55,Rojo,500.0,70.906044,16.736036,2.0,66.8804953560371,15.9938080495356,08:00,70.906044,16.736036,998.9052,70.90604400634766,16.73603630065918,6.904166189753459,1.14,448.598217388524,1.0958912030208765e-05,0.0,2.0,,2003-12-29 20:47:00/2003-12-30 02:10:00,M/D,C,-/Over_the_land,,54.0,,,,,
2003-12-30 03:00:00,55,Rojo,500.0,71.74575,16.497414,2.0,66.6514851485149,18.4851485148515,09:00,71.74575,16.497414,1000.3862,71.89582824707031,16.407649993896484,8.780389112548498,0.95,571.7918259293772,16.976024448593314,0.0,2.0,,2003-12-30 02:10:00/2003-12-30 03:51:00,D,C,Over_the_land,,54.0,,,,,
2003-12-30 03:00:00,55,Rojo,500.0,,,4.0,66.6514851485149,18.4851485148515,,,,,,,,,,,,,Enlarge view area,,,,,,,,,,,
2004-01-27 12:00:00,56,Rojo,302.660550458716,72.58667,10.727501,1.0,70.9082568807339,9.90825688073395,01:00,72.58667,10.727501,994.34155,72.39803314208984,10.381888389587402,8.616372468967775,0.11,188.7951882555719,23.95051450437154,2.0,2.0,,2004-01-27 11:40:00/2004-01-27 13:29:00,M,MGR,Multiple_widespread_convective,988.0,45.0,,,,,
2004-01-27 12:00:00,56,Rojo,302.660550458716,70.90955,15.545787,2.0,70.9082568807339,9.90825688073395,01:00,70.90955,15.545787,992.19995,71.1186752319336,15.174721717834473,7.980948020121946,0.25,204.95579635890405,26.849953920136816,1.0,2.0,,2004-01-27 11:40:00/2004-01-27 13:29:00,M,MGR,Multiple_widespread_convective,988.0,45.0,,,,,
2004-01-27 12:00:00,56,Rojo,302.660550458716,70.90944,9.769314,2.0,70.9082568807339,9.90825688073395,01:00,70.90944,9.769314,994.15375,70.90943908691406,9.76931381225586,7.942479554178905,0.04,5.0548961534692305,0.0001017599904144832,0.0,2.0,,2004-01-27 11:40:00/2004-01-27 13:29:00,M,MGR,Multiple_widespread_convective,988.0,45.0,,,,,
2004-01-27 12:00:00,56,Rojo,302.660550458716,70.0017,7.293235,2.0,70.9082568807339,9.90825688073395,01:00,70.0017,7.293235,994.0693,70.1457748413086,7.146216869354248,8.313183397458475,0.22,140.06573543854438,16.961559241953136,0.0,2.0,,2004-01-27 11:40:00/2004-01-27 13:29:00,M,MGR,Multiple_widespread_convective,988.0,45.0,,,,,
2004-01-27 15:00:00,56,Rojo,238.181818181818,72.60421,8.307546,1.0,70.3090909090909,8.54545454545454,02:00,72.60421,8.307546,994.76025,72.55613708496094,7.824307918548584,10.737786523417146,0.21,255.3440796925659,16.951152229592534,2.0,2.0,,2004-01-27 13:29:00/2004-01-27 15:52:00,M,MGR,Multiple_widespread_convective,988.0,45.0,,,,,
2004-01-27 15:00:00,56,Rojo,238.181818181818,69.75718,6.603457,2.0,70.3090909090909,8.54545454545454,02:00,69.75718,6.603457,993.9942,69.90068054199219,6.453578948974609,8.858876947528747,0.11,95.92800955214821,16.959841708573553,0.0,2.0,,2004-01-27 13:29:00/2004-01-27 15:52:00,M,MGR,Multiple_widespread_convective,988.0,45.0,,,,,
2004-01-27 15:00:00,56,Rojo,238.181818181818,71.11005,8.593528,2.0,70.3090909090909,8.54545454545454,02:00,71.11005,8.593528,994.5595,71.06287384033203,8.146049499511719,7.301836419938884,0.01,89.08021161054924,16.96001578996554,0.0,2.0,,2004-01-27 13:29:00/2004-01-27 15:52:00,M,MGR,Multiple_widespread_convective,988.0,45.0,,,,,
2004-01-27 18:00:00,56,Rojo,230.756302521008,70.86851,7.114247,1.0,69.0168067226891,5.84873949579832,03:00,70.86851,7.114247,995.11725,70.91517639160156,6.816727638244629,8.280321666408414,-0.01,211.46911736984612,12.008682443909526,0.0,1.0,,2004-01-27 15:52:00/2004-01-27 19:50:00,M,MGR,Multiple_widespread_convective,988.0,45.0,,,,,
2004-01-27 18:00:00,56,Rojo,230.756302521008,69.202835,10.990649,2.0,69.0168067226891,5.84873949579832,03:00,69.202835,10.990649,991.7859,69.16148376464844,10.577177047729492,8.838352443487892,0.12,204.86055967490464,16.9743866336255,0.0,2.0,,2004-01-27 15:52:00/2004-01-27 19:50:00,M,MGR,Multiple_widespread_convective,988.0,45.0,,,,,
2004-01-27 18:00:00,56,Rojo,230.756302521008,69.457085,5.52134,2.0,69.0168067226891,5.84873949579832,03:00,69.457085,5.52134,994.2249,69.50141906738281,5.24039888381958,9.29443027130468,0.14,50.62911791678124,12.009259882776552,0.0,1.0,,2004-01-27 15:52:00/2004-01-27 19:50:00,M,MGR,Multiple_widespread_convective,988.0,45.0,,,,,
2004-01-30 00:00:00,59,Rojo,400.0,68.33631,1.31264,1.0,69.0,1.95142857142857,01:00,68.33631,1.31264,992.5592,68.39861,1.6899316,3.0215758861608446,0.81,78.1906211161403,16.94661315951958,0.0,2.0,,2004-01-29 22:24:00/2004-01-30 01:19:00,M,U/-,Short_lived,,,,,,,
2004-01-30 00:00:00,59,Rojo,400.0,72.046104,-2.3917282,2.0,69.0,1.95142857142857,01:00,72.046104,-2.3917282,998.12695,72.165825,-3.7426803,6.503919743876893,0.6,374.82134739728787,48.03626703432894,0.0,2.0,,2004-01-29 22:24:00/2004-01-30 01:19:00,M,U/-,Short_lived,,,,,,,
2004-01-30 03:00:00,59,Rojo,400.0,69.09814,-2.0564747,1.0,69.693137254902,-0.975490196078431,02:00,69.09814,-2.0564747,991.4786,69.13019561767578,-2.3457601070404053,6.557353507787315,0.7,78.5247256397602,12.008966882011112,2.0,2.0,,2004-01-30 01:19:00/2004-01-30 03:01:00,M,-/S,Short_lived,,,,,,,
2004-01-30 03:00:00,59,Rojo,400.0,70.4613,-8.799576,2.0,69.693137254902,-0.975490196078431,02:00,70.4613,-8.799576,996.01117,70.48157501220703,-9.11691951751709,5.918327362538391,0.68,308.2688316558805,12.009136829900223,0.0,2.0,,2004-01-30 01:19:00/2004-01-30 03:01:00,M,-/S,Short_lived,,,,,,,
2004-01-30 06:00:00,59,Rojo,410.0,68.85385,-2.8947496,1.0,70.0,-5.17714285714286,03:00,68.85385,-2.8947496,990.0945,68.85385131835938,-2.894749641418457,8.492997006326597,0.82,155.52890567345682,0.00014660449668546966,2.0,2.0,,2004-01-30 04:41:00/2004-01-30 10:31:00,M,S/W,Short_lived/Short_lived_Dual_wave,,,,,,,
2004-01-30 06:00:00,59,Rojo,410.0,69.478386,-8.719151,2.0,70.0,-5.17714285714286,03:00,69.478386,-8.719151,995.09705,69.66293,-9.879091,4.556636276867465,0.52,148.1821909794759,49.475648990214815,0.0,2.0,,2004-01-30 04:41:00/2004-01-30 10:31:00,M,S/W,Short_lived/Short_lived_Dual_wave,,,,,,,
2004-01-30 09:00:00,59,Rojo,410.0,68.7384,-3.9202743,1.0,70.0,-6.72,04:00,68.7384,-3.9202743,989.58435,68.84149169921875,-3.839853048324585,8.583810602857431,0.84,178.04115040399577,11.911084903240686,2.0,2.0,,2004-01-30 04:41:00/2004-01-30 10:31:00,M,S/W,Short_lived/Short_lived_Dual_wave,,,,,,,
2004-01-30 12:00:00,59,Rojo,401.1,68.82405,-4.7836385,1.0,69.11,-7.5,05:00,68.82405,-4.7836385,989.63806,68.82405090332031,-4.78363847732544,8.928292099607507,0.92,112.96194539531228,0.00010044890710836661,2.0,2.0,,2004-01-30 10:31:00/2004-01-30 12:11:00,M,W,Short_lived_Dual_wave,,,,,,,
2004-01-30 15:00:00,59,Rojo,510.0,68.82754,-6.015747,1.0,68.8139130434783,-8.0,06:00,68.82754,-6.015747,989.4378,68.8275375366211,-6.0157470703125,7.964506356778493,1.2,79.72506221942936,0.00027393017815097653,2.0,2.0,,2004-01-30 14:36:00/2004-01-30 20:21:00,M/D,W,Short_lived_Dual_wave,,,,,,,
2004-01-30 18:00:00,59,Rojo,510.0,68.5328,-7.7277894,1.0,68.9182608695652,-8.0,07:00,68.5328,-7.7277894,989.24396,68.63713073730469,-7.665589332580566,6.051509504796077,1.24,44.245917266093215,11.872734528880336,1.0,2.0,,2004-01-30 14:36:00/2004-01-30 20:21:00,M/D,W,Short_lived_Dual_wave,,,,,,,
2004-01-30 12:00:00,60,Rojo,401.1,68.82405,-4.7836385,1.0,68.533,-5.5,01:00,68.82405,-4.7836385,989.63806,68.82405090332031,-4.78363847732544,8.928292099607507,0.92,43.43027055079351,0.00010044890710836661,2.0,2.0,,2004-01-30 10:31:00/2004-01-30 12:11:00,M,W,Dual_wave,,,,,,,
2004-01-30 15:00:00,60,Rojo,510.0,68.82754,-6.015747,1.0,68.2973913043478,-5.39565217391304,02:00,68.82754,-6.015747,989.4378,68.8275375366211,-6.0157470703125,7.964506356778493,1.2,64.10989690645887,0.00027393017815097653,2.0,2.0,,2004-01-30 14:36:00/2004-01-30 20:21:00,M/D,W,Dual_wave,,,,,,,
2004-01-30 18:00:00,60,Rojo,510.0,68.5328,-7.7277894,1.0,69.0278260869565,-4.61304347826087,03:00,68.5328,-7.7277894,989.24396,68.63713073730469,-7.665589332580566,6.051509504796077,1.24,136.8905246434946,11.872734528880336,1.0,2.0,,2004-01-30 14:36:00/2004-01-30 20:21:00,M/D,W,Dual_wave,,,,,,,
2004-02-06 03:00:00,61,Rojo,300.0,73.32382,9.150686,1.0,71.2,11.5,01:00,73.32382,9.150686,998.8323,73.37338256835938,8.815814971923828,4.263516613231881,0.06,249.1632377836925,12.009107181991464,0.0,1.0,,-/2004-02-06 03:22:00,-/M,-/C,-,-/nan,-/nan,-/nan,,,,
2004-02-06 06:00:00,61,Rojo,297.851851851852,72.218636,8.463321,1.0,71.2,11.3925925925926,02:00,72.218636,8.463321,998.29156,72.84496,8.308602,6.465997831891044,0.19,152.5426121099281,69.83529592966693,0.0,1.0,,2004-02-06 05:02:00/2004-02-06 09:32:00,M,C,-,,,,,,,
2004-02-06 09:00:00,61,Rojo,291.185185185185,72.169495,8.777832,1.0,71.2,11.0592592592593,03:00,72.169495,8.777832,997.98694,72.21887,7.673087,6.530394213100473,0.26,134.05794955112506,37.962705683361214,0.0,2.0,,2004-02-06 05:02:00/2004-02-06 09:32:00,M,C,-,,,,,,,
2004-02-06 12:00:00,61,Rojo,290.0,72.506,8.949283,1.0,70.952,12.0,04:00,72.506,8.949283,998.4031,72.4594497680664,8.466917037963867,8.815575693731628,0.29,202.84774243488346,16.953733040779852,0.0,2.0,,2004-02-06 11:36:00/2004-02-06 13:16:00,M,S,-,,,,,,,
2004-02-06 15:00:00,61,Rojo,278.66485013624,72.259964,9.731419,1.0,70.7149863760218,12.566757493188,05:00,72.259964,9.731419,998.88745,72.06973266601562,9.401808738708496,7.378038811984857,0.3,198.78438085367446,23.946766326865518,1.0,2.0,,2004-02-06 13:16:00/2004-02-06 19:23:00,M,S,-,,,,,,,
2004-02-06 18:00:00,61,Rojo,259.046321525886,71.9164,10.325121,1.0,70.5678474114441,13.5476839237057,06:00,71.9164,10.325121,999.18823,71.82182312011719,10.1593656539917,6.573713769876676,0.25,189.0602332276078,11.978858138633507,2.0,2.0,,2004-02-06 13:16:00/2004-02-06 19:23:00,M,S,-,,,,,,,
2004-02-06 21:00:00,61,Rojo,201.010101010101,,,4.0,69.9121212121212,15.959595959596,,,,,,,,,,,,,Enlarge view area,,,,,,,,,,,
2004-02-07 00:00:00,61,Rojo,200.0,,,4.0,69.3,17.0,,,,,,,,,,,,,Enlarge view area,,,,,,,,,,,
2002-02-23 12:00:00,9,STARSnorth,220.0,67.180016,10.60201,1.0,67.66,6.63,01:00,67.180016,10.60201,959.87396,67.13790893554688,10.22388744354248,9.70205758407937,0.71,177.75242366127983,16.979276574781046,2.0,2.0,,2002-02-23 12:00:00,,,,,,,0.0,,,
2002-02-23 15:00:00,9,STARSnorth,220.0,66.77949,11.292099,1.0,67.18,8.79,02:00,66.77949,11.292099,959.637,66.77948760986328,11.292098999023438,9.870796271197452,0.82,117.55160302043983,0.0002657714555181305,2.0,2.0,,2002-02-23 15:00:00,,,,,,,0.0,,,
2002-02-23 18:00:00,9,STARSnorth,220.0,66.65485,12.373632,1.0,66.68,9.85,03:00,66.65485,12.373632,959.9136,66.46905517578125,12.096755981445312,10.8754207605019,0.78,111.17028993869266,24.01608149419413,2.0,2.0,,2002-02-23 18:00:00,,,,,,,0.0,,,
2002-02-23 21:00:00,9,STARSnorth,220.0,66.43099,13.301839,1.0,66.45,10.67,04:00,66.43099,13.301839,961.3191,66.52287292480469,13.444025993347168,10.67520474473109,0.66,116.98205148405965,12.00853170386225,2.0,2.0,,2002-02-23 21:00:00,,,,,,,0.0,,,
2002-02-24 00:00:00,9,STARSnorth,220.0,66.32512,14.729076,1.0,66.22,11.48,05:00,66.32512,14.729076,963.7201,66.4744644165039,14.649144172668455,12.628992575631012,0.49,145.82717560418152,16.983316314229963,2.0,2.0,,2002-02-24 00:00:00,,,,,,,0.0,,,
2002-03-01 12:00:00,10,STARSnorth,220.0,68.64962,8.7911825,3.0,68.8,10.1,01:00,,,,68.64962,8.7911825,4.6272410587199655,,55.38970442342106,0.0,,,No candidates. Center by FullRVO,,,,,,,,,,,
2002-03-01 15:00:00,10,STARSnorth,220.0,68.76538,13.068419,3.0,68.99,12.14,02:00,,,,68.76538,13.068419,5.218085077461383,,44.808005468059704,0.0,,,No candidates. Center by FullRVO,,,,,,,,,,,
2002-03-01 18:00:00,10,STARSnorth,240.0,69.67662,16.929,1.0,69.05,13.2,03:00,69.67662,16.929,985.89343,69.471466,15.036925,7.756779059553112,0.24,161.86418039407548,76.88363189176182,0.0,1.0,,2002-03-01 18:00:00,,,,,,,0.0,,,
2002-03-01 21:00:00,10,STARSnorth,240.0,69.28735,16.904696,3.0,69.1,14.16,04:00,,,,69.28735,16.904696,6.6015407294408766,,110.38252336925159,0.0,,,No candidates. Center by FullRVO,,,,,,,,,,,
2002-03-02 00:00:00,10,STARSnorth,240.0,69.08352,18.739408,1.0,69.1,15.06,05:00,69.08352,18.739408,985.75854,68.90985,18.381073,7.349939831077536,0.07,145.99752282813293,24.018276076177933,0.0,2.0,,2002-03-02 00:00:00,,,,,,,0.0,,,
2002-03-09 12:00:00,11,STARSnorth,270.0,68.82439,0.2263991,1.0,69.53,-4.51,01:00,68.82439,0.2263991,983.8553,68.82438659667969,0.2263990938663482,10.707076248469887,0.66,202.9275349068269,0.00037843256717577645,1.0,2.0,,2002-03-09 12:00:00,,,,,,,0.0,,,
2002-03-09 15:00:00,11,STARSnorth,270.0,68.115845,-1.3651395,1.0,68.62,-3.98,02:00,68.115845,-1.3651395,983.6096,67.94487762451172,-1.8166074752807613,12.267007572279638,0.68,120.94848652047004,26.723134640877916,2.0,2.0,,2002-03-09 15:00:00,,,,,,,0.0,,,
2002-03-09 18:00:00,11,STARSnorth,250.0,67.91172,-1.5430712,1.0,67.43,-3.12,03:00,67.91172,-1.5430712,986.2421,67.9117202758789,-1.543071150779724,9.363455241104626,0.63,85.47832965894396,3.074533628564786e-05,2.0,2.0,,2002-03-09 18:00:00,,,,,,,0.0,,,
2002-03-09 21:00:00,11,STARSnorth,200.0,67.84263,-1.9033978,1.0,67.04,-2.56,04:00,67.84263,-1.9033978,988.80164,67.8048,-2.5344744,10.450717899184752,0.42,93.53911398282482,26.819004098990693,2.0,2.0,,2002-03-09 21:00:00,,,,,,,0.0,,,
2002-12-20 12:00:00,13,STARSnorth,180.0,67.209236,13.229582,1.0,68.31,11.25,01:00,67.209236,13.229582,1007.01697,67.576225,13.822239,2.2472968687393733,-0.01,148.04800328318657,48.03079233605577,0.0,2.0,,2002-12-20 12:00:00,,,,,,,0.0,,,
2002-12-20 15:00:00,13,STARSnorth,190.0,67.09871,12.084346,3.0,67.38,12.28,02:00,,,,67.09871,12.084346,2.20342127193894,,32.39072803453211,0.0,,,Wrong PMSL min. Center by FullRVO,,,,,,,,,,,
2002-12-20 18:00:00,13,STARSnorth,190.0,66.78429,12.889419,3.0,66.52,13.18,03:00,,,,66.78429,12.889419,3.739065117633192,,32.056369202663745,0.0,,,Wrong PMSL min. Center by FullRVO,,,,,,,,,,,
